<annotation>
	<folder>train</folder>
	<filename>-mythic-collection-near-mint-edh-commander-mtg-rare-magic-cards-lot-31.jpg</filename>
	<path>D:\MTG card rec files\Python\MTG cards\train\-mythic-collection-near-mint-edh-commander-mtg-rare-magic-cards-lot-31.jpg</path>
	<source>
		<database>Unknown</database>
	</source>
	<size>
		<width>387</width>
		<height>400</height>
		<depth>3</depth>
	</size>
	<segmented>0</segmented>
	<object>
		<name>mtgcard</name>
		<pose>Unspecified</pose>
		<truncated>1</truncated>
		<difficult>0</difficult>
		<bndbox>
			<xmin>13</xmin>
			<ymin>1</ymin>
			<xmax>97</xmax>
			<ymax>121</ymax>
		</bndbox>
	</object>
	<object>
		<name>mtgcard</name>
		<pose>Unspecified</pose>
		<truncated>1</truncated>
		<difficult>0</difficult>
		<bndbox>
			<xmin>102</xmin>
			<ymin>1</ymin>
			<xmax>197</xmax>
			<ymax>122</ymax>
		</bndbox>
	</object>
	<object>
		<name>mtgcard</name>
		<pose>Unspecified</pose>
		<truncated>1</truncated>
		<difficult>0</difficult>
		<bndbox>
			<xmin>202</xmin>
			<ymin>1</ymin>
			<xmax>291</xmax>
			<ymax>123</ymax>
		</bndbox>
	</object>
	<object>
		<name>mtgcard</name>
		<pose>Unspecified</pose>
		<truncated>1</truncated>
		<difficult>0</difficult>
		<bndbox>
			<xmin>291</xmin>
			<ymin>1</ymin>
			<xmax>381</xmax>
			<ymax>122</ymax>
		</bndbox>
	</object>
	<object>
		<name>mtgcard</name>
		<pose>Unspecified</pose>
		<truncated>0</truncated>
		<difficult>0</difficult>
		<bndbox>
			<xmin>6</xmin>
			<ymin>124</ymin>
			<xmax>97</xmax>
			<ymax>256</ymax>
		</bndbox>
	</object>
	<object>
		<name>mtgcard</name>
		<pose>Unspecified</pose>
		<truncated>0</truncated>
		<difficult>0</difficult>
		<bndbox>
			<xmin>101</xmin>
			<ymin>124</ymin>
			<xmax>197</xmax>
			<ymax>254</ymax>
		</bndbox>
	</object>
	<object>
		<name>mtgcard</name>
		<pose>Unspecified</pose>
		<truncated>0</truncated>
		<difficult>0</difficult>
		<bndbox>
			<xmin>200</xmin>
			<ymin>124</ymin>
			<xmax>295</xmax>
			<ymax>253</ymax>
		</bndbox>
	</object>
	<object>
		<name>mtgcard</name>
		<pose>Unspecified</pose>
		<truncated>0</truncated>
		<difficult>0</difficult>
		<bndbox>
			<xmin>298</xmin>
			<ymin>125</ymin>
			<xmax>382</xmax>
			<ymax>254</ymax>
		</bndbox>
	</object>
	<object>
		<name>mtgcard</name>
		<pose>Unspecified</pose>
		<truncated>1</truncated>
		<difficult>0</difficult>
		<bndbox>
			<xmin>1</xmin>
			<ymin>259</ymin>
			<xmax>97</xmax>
			<ymax>397</ymax>
		</bndbox>
	</object>
	<object>
		<name>mtgcard</name>
		<pose>Unspecified</pose>
		<truncated>0</truncated>
		<difficult>0</difficult>
		<bndbox>
			<xmin>100</xmin>
			<ymin>258</ymin>
			<xmax>196</xmax>
			<ymax>398</ymax>
		</bndbox>
	</object>
	<object>
		<name>mtgcard</name>
		<pose>Unspecified</pose>
		<truncated>0</truncated>
		<difficult>0</difficult>
		<bndbox>
			<xmin>198</xmin>
			<ymin>258</ymin>
			<xmax>296</xmax>
			<ymax>399</ymax>
		</bndbox>
	</object>
	<object>
		<name>mtgcard</name>
		<pose>Unspecified</pose>
		<truncated>1</truncated>
		<difficult>0</difficult>
		<bndbox>
			<xmin>299</xmin>
			<ymin>257</ymin>
			<xmax>386</xmax>
			<ymax>400</ymax>
		</bndbox>
	</object>
</annotation>
