<annotation>
	<folder>train</folder>
	<filename>32-unidades-cards-avulsos-de-magic-the-gathering-mtg-D_NQ_NP_752636-MLB27825686496_072018-F.jpg</filename>
	<path>D:\MTG card rec files\Python\MTG cards\train\32-unidades-cards-avulsos-de-magic-the-gathering-mtg-D_NQ_NP_752636-MLB27825686496_072018-F.jpg</path>
	<source>
		<database>Unknown</database>
	</source>
	<size>
		<width>1200</width>
		<height>900</height>
		<depth>3</depth>
	</size>
	<segmented>0</segmented>
	<object>
		<name>mtgcard</name>
		<pose>Unspecified</pose>
		<truncated>0</truncated>
		<difficult>0</difficult>
		<bndbox>
			<xmin>42</xmin>
			<ymin>133</ymin>
			<xmax>576</xmax>
			<ymax>833</ymax>
		</bndbox>
	</object>
	<object>
		<name>mtgcard</name>
		<pose>Unspecified</pose>
		<truncated>0</truncated>
		<difficult>0</difficult>
		<bndbox>
			<xmin>569</xmin>
			<ymin>117</ymin>
			<xmax>1092</xmax>
			<ymax>834</ymax>
		</bndbox>
	</object>
</annotation>
