<annotation>
	<folder>train</folder>
	<filename>4000-4500-magic-cards-estate-sale-box_1_8f50794c0646e520f76be1d4eb799bb4.jpg</filename>
	<path>D:\MTG card rec files\Python\MTG cards\train\4000-4500-magic-cards-estate-sale-box_1_8f50794c0646e520f76be1d4eb799bb4.jpg</path>
	<source>
		<database>Unknown</database>
	</source>
	<size>
		<width>400</width>
		<height>300</height>
		<depth>3</depth>
	</size>
	<segmented>0</segmented>
	<object>
		<name>mtgcard</name>
		<pose>Unspecified</pose>
		<truncated>0</truncated>
		<difficult>0</difficult>
		<bndbox>
			<xmin>9</xmin>
			<ymin>111</ymin>
			<xmax>133</xmax>
			<ymax>291</ymax>
		</bndbox>
	</object>
	<object>
		<name>mtgcard</name>
		<pose>Unspecified</pose>
		<truncated>0</truncated>
		<difficult>0</difficult>
		<bndbox>
			<xmin>135</xmin>
			<ymin>105</ymin>
			<xmax>266</xmax>
			<ymax>291</ymax>
		</bndbox>
	</object>
	<object>
		<name>mtgcard</name>
		<pose>Unspecified</pose>
		<truncated>1</truncated>
		<difficult>0</difficult>
		<bndbox>
			<xmin>271</xmin>
			<ymin>108</ymin>
			<xmax>400</xmax>
			<ymax>288</ymax>
		</bndbox>
	</object>
</annotation>
