<annotation>
	<folder>train</folder>
	<filename>4000-4500-magic-cards-estate-sale-box_1_f491f0d7ae1a6716944d0ddb7c7c7299.jpg</filename>
	<path>D:\MTG card rec files\Python\MTG cards\train\4000-4500-magic-cards-estate-sale-box_1_f491f0d7ae1a6716944d0ddb7c7c7299.jpg</path>
	<source>
		<database>Unknown</database>
	</source>
	<size>
		<width>400</width>
		<height>300</height>
		<depth>3</depth>
	</size>
	<segmented>0</segmented>
	<object>
		<name>mtgcard</name>
		<pose>Unspecified</pose>
		<truncated>1</truncated>
		<difficult>0</difficult>
		<bndbox>
			<xmin>1</xmin>
			<ymin>90</ymin>
			<xmax>132</xmax>
			<ymax>280</ymax>
		</bndbox>
	</object>
	<object>
		<name>mtgcard</name>
		<pose>Unspecified</pose>
		<truncated>0</truncated>
		<difficult>0</difficult>
		<bndbox>
			<xmin>135</xmin>
			<ymin>89</ymin>
			<xmax>269</xmax>
			<ymax>284</ymax>
		</bndbox>
	</object>
	<object>
		<name>mtgcard</name>
		<pose>Unspecified</pose>
		<truncated>0</truncated>
		<difficult>0</difficult>
		<bndbox>
			<xmin>274</xmin>
			<ymin>93</ymin>
			<xmax>393</xmax>
			<ymax>281</ymax>
		</bndbox>
	</object>
</annotation>
