<annotation>
	<folder>train</folder>
	<filename>494772_1831a17d741e4909a4b2ca400651c325_mv2_d_1207_1500_s_2.jpg</filename>
	<path>D:\MTG card rec files\Python\MTG cards\train\494772_1831a17d741e4909a4b2ca400651c325_mv2_d_1207_1500_s_2.jpg</path>
	<source>
		<database>Unknown</database>
	</source>
	<size>
		<width>1207</width>
		<height>1500</height>
		<depth>3</depth>
	</size>
	<segmented>0</segmented>
	<object>
		<name>mtgcard</name>
		<pose>Unspecified</pose>
		<truncated>0</truncated>
		<difficult>0</difficult>
		<bndbox>
			<xmin>98</xmin>
			<ymin>53</ymin>
			<xmax>572</xmax>
			<ymax>722</ymax>
		</bndbox>
	</object>
	<object>
		<name>mtgcard</name>
		<pose>Unspecified</pose>
		<truncated>0</truncated>
		<difficult>0</difficult>
		<bndbox>
			<xmin>624</xmin>
			<ymin>57</ymin>
			<xmax>1096</xmax>
			<ymax>721</ymax>
		</bndbox>
	</object>
	<object>
		<name>mtgcard</name>
		<pose>Unspecified</pose>
		<truncated>0</truncated>
		<difficult>0</difficult>
		<bndbox>
			<xmin>104</xmin>
			<ymin>762</ymin>
			<xmax>575</xmax>
			<ymax>1448</ymax>
		</bndbox>
	</object>
	<object>
		<name>mtgcard</name>
		<pose>Unspecified</pose>
		<truncated>0</truncated>
		<difficult>0</difficult>
		<bndbox>
			<xmin>628</xmin>
			<ymin>756</ymin>
			<xmax>1130</xmax>
			<ymax>1446</ymax>
		</bndbox>
	</object>
</annotation>
