<annotation>
	<folder>train</folder>
	<filename>asdfasdf.JPG</filename>
	<path>D:\MTG card rec files\Python\MTG cards\train\asdfasdf.JPG</path>
	<source>
		<database>Unknown</database>
	</source>
	<size>
		<width>1736</width>
		<height>474</height>
		<depth>3</depth>
	</size>
	<segmented>0</segmented>
	<object>
		<name>mtgcard</name>
		<pose>Unspecified</pose>
		<truncated>1</truncated>
		<difficult>0</difficult>
		<bndbox>
			<xmin>9</xmin>
			<ymin>8</ymin>
			<xmax>348</xmax>
			<ymax>474</ymax>
		</bndbox>
	</object>
	<object>
		<name>mtgcard</name>
		<pose>Unspecified</pose>
		<truncated>1</truncated>
		<difficult>0</difficult>
		<bndbox>
			<xmin>356</xmin>
			<ymin>10</ymin>
			<xmax>696</xmax>
			<ymax>474</ymax>
		</bndbox>
	</object>
	<object>
		<name>mtgcard</name>
		<pose>Unspecified</pose>
		<truncated>1</truncated>
		<difficult>0</difficult>
		<bndbox>
			<xmin>703</xmin>
			<ymin>9</ymin>
			<xmax>1032</xmax>
			<ymax>474</ymax>
		</bndbox>
	</object>
	<object>
		<name>mtgcard</name>
		<pose>Unspecified</pose>
		<truncated>1</truncated>
		<difficult>0</difficult>
		<bndbox>
			<xmin>1047</xmin>
			<ymin>8</ymin>
			<xmax>1377</xmax>
			<ymax>474</ymax>
		</bndbox>
	</object>
	<object>
		<name>mtgcard</name>
		<pose>Unspecified</pose>
		<truncated>0</truncated>
		<difficult>0</difficult>
		<bndbox>
			<xmin>1389</xmin>
			<ymin>5</ymin>
			<xmax>1719</xmax>
			<ymax>470</ymax>
		</bndbox>
	</object>
</annotation>
