<annotation>
	<folder>train</folder>
	<filename>bloodborne-mtg-04651.jpg</filename>
	<path>D:\MTG card rec files\Python\MTG cards\train\bloodborne-mtg-04651.jpg</path>
	<source>
		<database>Unknown</database>
	</source>
	<size>
		<width>1000</width>
		<height>473</height>
		<depth>3</depth>
	</size>
	<segmented>0</segmented>
	<object>
		<name>mtgcard</name>
		<pose>Unspecified</pose>
		<truncated>1</truncated>
		<difficult>0</difficult>
		<bndbox>
			<xmin>2</xmin>
			<ymin>1</ymin>
			<xmax>337</xmax>
			<ymax>472</ymax>
		</bndbox>
	</object>
	<object>
		<name>mtgcard</name>
		<pose>Unspecified</pose>
		<truncated>1</truncated>
		<difficult>0</difficult>
		<bndbox>
			<xmin>334</xmin>
			<ymin>1</ymin>
			<xmax>668</xmax>
			<ymax>471</ymax>
		</bndbox>
	</object>
	<object>
		<name>mtgcard</name>
		<pose>Unspecified</pose>
		<truncated>1</truncated>
		<difficult>0</difficult>
		<bndbox>
			<xmin>674</xmin>
			<ymin>1</ymin>
			<xmax>998</xmax>
			<ymax>472</ymax>
		</bndbox>
	</object>
</annotation>
