<annotation>
	<folder>train</folder>
	<filename>Capasdfasfturar.JPG</filename>
	<path>D:\MTG card rec files\Python\MTG cards\train\Capasdfasfturar.JPG</path>
	<source>
		<database>Unknown</database>
	</source>
	<size>
		<width>1899</width>
		<height>512</height>
		<depth>3</depth>
	</size>
	<segmented>0</segmented>
	<object>
		<name>mtgcard</name>
		<pose>Unspecified</pose>
		<truncated>1</truncated>
		<difficult>0</difficult>
		<bndbox>
			<xmin>1</xmin>
			<ymin>1</ymin>
			<xmax>375</xmax>
			<ymax>510</ymax>
		</bndbox>
	</object>
	<object>
		<name>mtgcard</name>
		<pose>Unspecified</pose>
		<truncated>1</truncated>
		<difficult>0</difficult>
		<bndbox>
			<xmin>383</xmin>
			<ymin>1</ymin>
			<xmax>753</xmax>
			<ymax>508</ymax>
		</bndbox>
	</object>
	<object>
		<name>mtgcard</name>
		<pose>Unspecified</pose>
		<truncated>0</truncated>
		<difficult>0</difficult>
		<bndbox>
			<xmin>769</xmin>
			<ymin>4</ymin>
			<xmax>1133</xmax>
			<ymax>510</ymax>
		</bndbox>
	</object>
	<object>
		<name>mtgcard</name>
		<pose>Unspecified</pose>
		<truncated>0</truncated>
		<difficult>0</difficult>
		<bndbox>
			<xmin>1153</xmin>
			<ymin>8</ymin>
			<xmax>1510</xmax>
			<ymax>509</ymax>
		</bndbox>
	</object>
	<object>
		<name>mtgcard</name>
		<pose>Unspecified</pose>
		<truncated>1</truncated>
		<difficult>0</difficult>
		<bndbox>
			<xmin>1528</xmin>
			<ymin>1</ymin>
			<xmax>1891</xmax>
			<ymax>506</ymax>
		</bndbox>
	</object>
</annotation>
