<annotation>
	<folder>train</folder>
	<filename>Capturar.JPG</filename>
	<path>D:\MTG card rec files\Python\MTG cards\train\Capturar.JPG</path>
	<source>
		<database>Unknown</database>
	</source>
	<size>
		<width>853</width>
		<height>592</height>
		<depth>3</depth>
	</size>
	<segmented>0</segmented>
	<object>
		<name>mtgcard</name>
		<pose>Unspecified</pose>
		<truncated>0</truncated>
		<difficult>0</difficult>
		<bndbox>
			<xmin>21</xmin>
			<ymin>14</ymin>
			<xmax>433</xmax>
			<ymax>578</ymax>
		</bndbox>
	</object>
	<object>
		<name>mtgcard</name>
		<pose>Unspecified</pose>
		<truncated>0</truncated>
		<difficult>0</difficult>
		<bndbox>
			<xmin>440</xmin>
			<ymin>13</ymin>
			<xmax>847</xmax>
			<ymax>587</ymax>
		</bndbox>
	</object>
</annotation>
