<annotation>
	<folder>train</folder>
	<filename>Capturar2.JPG</filename>
	<path>D:\MTG card rec files\Python\MTG cards\train\Capturar2.JPG</path>
	<source>
		<database>Unknown</database>
	</source>
	<size>
		<width>974</width>
		<height>458</height>
		<depth>3</depth>
	</size>
	<segmented>0</segmented>
	<object>
		<name>mtgcard</name>
		<pose>Unspecified</pose>
		<truncated>0</truncated>
		<difficult>0</difficult>
		<bndbox>
			<xmin>5</xmin>
			<ymin>86</ymin>
			<xmax>198</xmax>
			<ymax>361</ymax>
		</bndbox>
	</object>
	<object>
		<name>mtgcard</name>
		<pose>Unspecified</pose>
		<truncated>0</truncated>
		<difficult>0</difficult>
		<bndbox>
			<xmin>250</xmin>
			<ymin>88</ymin>
			<xmax>449</xmax>
			<ymax>363</ymax>
		</bndbox>
	</object>
	<object>
		<name>mtgcard</name>
		<pose>Unspecified</pose>
		<truncated>0</truncated>
		<difficult>0</difficult>
		<bndbox>
			<xmin>500</xmin>
			<ymin>90</ymin>
			<xmax>695</xmax>
			<ymax>363</ymax>
		</bndbox>
	</object>
	<object>
		<name>mtgcard</name>
		<pose>Unspecified</pose>
		<truncated>0</truncated>
		<difficult>0</difficult>
		<bndbox>
			<xmin>748</xmin>
			<ymin>90</ymin>
			<xmax>942</xmax>
			<ymax>362</ymax>
		</bndbox>
	</object>
</annotation>
