<annotation>
	<folder>train</folder>
	<filename>carta-de-magic-mtg-cards-consulte-estoque-proy-top-quali-D_NQ_NP_698672-MLB40135187229_122019-F.jpg</filename>
	<path>D:\MTG card rec files\Python\MTG cards\train\carta-de-magic-mtg-cards-consulte-estoque-proy-top-quali-D_NQ_NP_698672-MLB40135187229_122019-F.jpg</path>
	<source>
		<database>Unknown</database>
	</source>
	<size>
		<width>861</width>
		<height>585</height>
		<depth>3</depth>
	</size>
	<segmented>0</segmented>
	<object>
		<name>mtgcard</name>
		<pose>Unspecified</pose>
		<truncated>0</truncated>
		<difficult>0</difficult>
		<bndbox>
			<xmin>37</xmin>
			<ymin>3</ymin>
			<xmax>432</xmax>
			<ymax>569</ymax>
		</bndbox>
	</object>
	<object>
		<name>mtgcard</name>
		<pose>Unspecified</pose>
		<truncated>1</truncated>
		<difficult>0</difficult>
		<bndbox>
			<xmin>441</xmin>
			<ymin>11</ymin>
			<xmax>861</xmax>
			<ymax>569</ymax>
		</bndbox>
	</object>
</annotation>
