<annotation>
	<folder>train</folder>
	<filename>culture_magic_15079064.jpg</filename>
	<path>D:\MTG card rec files\Python\MTG cards\train\culture_magic_15079064.jpg</path>
	<source>
		<database>Unknown</database>
	</source>
	<size>
		<width>2400</width>
		<height>1800</height>
		<depth>3</depth>
	</size>
	<segmented>0</segmented>
	<object>
		<name>mtgcard</name>
		<pose>Unspecified</pose>
		<truncated>0</truncated>
		<difficult>0</difficult>
		<bndbox>
			<xmin>824</xmin>
			<ymin>594</ymin>
			<xmax>1724</xmax>
			<ymax>1673</ymax>
		</bndbox>
	</object>
</annotation>
