<annotation>
	<folder>train</folder>
	<filename>D_NQ_NP_900740-MLB32876148590_112019-O.jpg</filename>
	<path>D:\MTG card rec files\Python\MTG cards\train\D_NQ_NP_900740-MLB32876148590_112019-O.jpg</path>
	<source>
		<database>Unknown</database>
	</source>
	<size>
		<width>363</width>
		<height>500</height>
		<depth>3</depth>
	</size>
	<segmented>0</segmented>
	<object>
		<name>mtgcard</name>
		<pose>Unspecified</pose>
		<truncated>0</truncated>
		<difficult>0</difficult>
		<bndbox>
			<xmin>15</xmin>
			<ymin>24</ymin>
			<xmax>182</xmax>
			<ymax>244</ymax>
		</bndbox>
	</object>
	<object>
		<name>mtgcard</name>
		<pose>Unspecified</pose>
		<truncated>0</truncated>
		<difficult>0</difficult>
		<bndbox>
			<xmin>193</xmin>
			<ymin>25</ymin>
			<xmax>344</xmax>
			<ymax>246</ymax>
		</bndbox>
	</object>
	<object>
		<name>mtgcard</name>
		<pose>Unspecified</pose>
		<truncated>0</truncated>
		<difficult>0</difficult>
		<bndbox>
			<xmin>21</xmin>
			<ymin>251</ymin>
			<xmax>177</xmax>
			<ymax>478</ymax>
		</bndbox>
	</object>
	<object>
		<name>mtgcard</name>
		<pose>Unspecified</pose>
		<truncated>0</truncated>
		<difficult>0</difficult>
		<bndbox>
			<xmin>189</xmin>
			<ymin>256</ymin>
			<xmax>347</xmax>
			<ymax>475</ymax>
		</bndbox>
	</object>
</annotation>
