<annotation>
	<folder>train</folder>
	<filename>HTB1WOxfbkWE3KVjSZSyq6xocXXaQ.jpg</filename>
	<path>D:\MTG card rec files\Python\MTG cards\train\HTB1WOxfbkWE3KVjSZSyq6xocXXaQ.jpg</path>
	<source>
		<database>Unknown</database>
	</source>
	<size>
		<width>800</width>
		<height>800</height>
		<depth>3</depth>
	</size>
	<segmented>0</segmented>
	<object>
		<name>mtgcard</name>
		<pose>Unspecified</pose>
		<truncated>0</truncated>
		<difficult>0</difficult>
		<bndbox>
			<xmin>70</xmin>
			<ymin>33</ymin>
			<xmax>236</xmax>
			<ymax>266</ymax>
		</bndbox>
	</object>
	<object>
		<name>mtgcard</name>
		<pose>Unspecified</pose>
		<truncated>0</truncated>
		<difficult>0</difficult>
		<bndbox>
			<xmin>72</xmin>
			<ymin>291</ymin>
			<xmax>236</xmax>
			<ymax>530</ymax>
		</bndbox>
	</object>
	<object>
		<name>mtgcard</name>
		<pose>Unspecified</pose>
		<truncated>0</truncated>
		<difficult>0</difficult>
		<bndbox>
			<xmin>242</xmin>
			<ymin>38</ymin>
			<xmax>401</xmax>
			<ymax>275</ymax>
		</bndbox>
	</object>
	<object>
		<name>mtgcard</name>
		<pose>Unspecified</pose>
		<truncated>0</truncated>
		<difficult>0</difficult>
		<bndbox>
			<xmin>403</xmin>
			<ymin>40</ymin>
			<xmax>569</xmax>
			<ymax>279</ymax>
		</bndbox>
	</object>
	<object>
		<name>mtgcard</name>
		<pose>Unspecified</pose>
		<truncated>0</truncated>
		<difficult>0</difficult>
		<bndbox>
			<xmin>587</xmin>
			<ymin>48</ymin>
			<xmax>750</xmax>
			<ymax>285</ymax>
		</bndbox>
	</object>
	<object>
		<name>mtgcard</name>
		<pose>Unspecified</pose>
		<truncated>0</truncated>
		<difficult>0</difficult>
		<bndbox>
			<xmin>240</xmin>
			<ymin>293</ymin>
			<xmax>403</xmax>
			<ymax>526</ymax>
		</bndbox>
	</object>
	<object>
		<name>mtgcard</name>
		<pose>Unspecified</pose>
		<truncated>0</truncated>
		<difficult>0</difficult>
		<bndbox>
			<xmin>410</xmin>
			<ymin>290</ymin>
			<xmax>572</xmax>
			<ymax>527</ymax>
		</bndbox>
	</object>
	<object>
		<name>mtgcard</name>
		<pose>Unspecified</pose>
		<truncated>0</truncated>
		<difficult>0</difficult>
		<bndbox>
			<xmin>574</xmin>
			<ymin>294</ymin>
			<xmax>743</xmax>
			<ymax>531</ymax>
		</bndbox>
	</object>
	<object>
		<name>mtgcard</name>
		<pose>Unspecified</pose>
		<truncated>0</truncated>
		<difficult>0</difficult>
		<bndbox>
			<xmin>318</xmin>
			<ymin>540</ymin>
			<xmax>476</xmax>
			<ymax>780</ymax>
		</bndbox>
	</object>
</annotation>
