<annotation>
	<folder>train</folder>
	<filename>lot-25-misprinted-mtg-cards-printer_1_45b920e696609243c9616acd97695d8f.jpg</filename>
	<path>D:\MTG card rec files\Python\MTG cards\train\lot-25-misprinted-mtg-cards-printer_1_45b920e696609243c9616acd97695d8f.jpg</path>
	<source>
		<database>Unknown</database>
	</source>
	<size>
		<width>1396</width>
		<height>942</height>
		<depth>3</depth>
	</size>
	<segmented>0</segmented>
	<object>
		<name>mtgcard</name>
		<pose>Unspecified</pose>
		<truncated>0</truncated>
		<difficult>0</difficult>
		<bndbox>
			<xmin>65</xmin>
			<ymin>44</ymin>
			<xmax>550</xmax>
			<ymax>740</ymax>
		</bndbox>
	</object>
	<object>
		<name>mtgcard</name>
		<pose>Unspecified</pose>
		<truncated>0</truncated>
		<difficult>0</difficult>
		<bndbox>
			<xmin>615</xmin>
			<ymin>43</ymin>
			<xmax>1125</xmax>
			<ymax>737</ymax>
		</bndbox>
	</object>
</annotation>
