<annotation>
	<folder>train</folder>
	<filename>lot-of-18-magic-the-gathering-rare-uncommon-white-cards-played.jpg</filename>
	<path>D:\MTG card rec files\Python\MTG cards\train\lot-of-18-magic-the-gathering-rare-uncommon-white-cards-played.jpg</path>
	<source>
		<database>Unknown</database>
	</source>
	<size>
		<width>300</width>
		<height>400</height>
		<depth>3</depth>
	</size>
	<segmented>0</segmented>
	<object>
		<name>mtgcard</name>
		<pose>Unspecified</pose>
		<truncated>0</truncated>
		<difficult>0</difficult>
		<bndbox>
			<xmin>33</xmin>
			<ymin>34</ymin>
			<xmax>139</xmax>
			<ymax>177</ymax>
		</bndbox>
	</object>
	<object>
		<name>mtgcard</name>
		<pose>Unspecified</pose>
		<truncated>0</truncated>
		<difficult>0</difficult>
		<bndbox>
			<xmin>151</xmin>
			<ymin>25</ymin>
			<xmax>264</xmax>
			<ymax>181</ymax>
		</bndbox>
	</object>
	<object>
		<name>mtgcard</name>
		<pose>Unspecified</pose>
		<truncated>0</truncated>
		<difficult>0</difficult>
		<bndbox>
			<xmin>13</xmin>
			<ymin>183</ymin>
			<xmax>137</xmax>
			<ymax>376</ymax>
		</bndbox>
	</object>
	<object>
		<name>mtgcard</name>
		<pose>Unspecified</pose>
		<truncated>0</truncated>
		<difficult>0</difficult>
		<bndbox>
			<xmin>149</xmin>
			<ymin>185</ymin>
			<xmax>283</xmax>
			<ymax>381</ymax>
		</bndbox>
	</object>
</annotation>
