<annotation>
	<folder>train</folder>
	<filename>magic-the-gathering-white-avacyn-angel-of-hope-foil-D_NQ_NP_851238-MLM31059728310_062019-F.jpg</filename>
	<path>D:\MTG card rec files\Python\MTG cards\train\magic-the-gathering-white-avacyn-angel-of-hope-foil-D_NQ_NP_851238-MLM31059728310_062019-F.jpg</path>
	<source>
		<database>Unknown</database>
	</source>
	<size>
		<width>900</width>
		<height>1200</height>
		<depth>3</depth>
	</size>
	<segmented>0</segmented>
	<object>
		<name>mtgcard</name>
		<pose>Unspecified</pose>
		<truncated>0</truncated>
		<difficult>0</difficult>
		<bndbox>
			<xmin>25</xmin>
			<ymin>30</ymin>
			<xmax>853</xmax>
			<ymax>1134</ymax>
		</bndbox>
	</object>
</annotation>
