<annotation>
	<folder>train</folder>
	<filename>mtg-dragons-tribal-94-unique-cards_1_26a063fd09d2c06603be55e497eb28f9.jpg</filename>
	<path>D:\MTG card rec files\Python\MTG cards\train\mtg-dragons-tribal-94-unique-cards_1_26a063fd09d2c06603be55e497eb28f9.jpg</path>
	<source>
		<database>Unknown</database>
	</source>
	<size>
		<width>1599</width>
		<height>899</height>
		<depth>3</depth>
	</size>
	<segmented>0</segmented>
	<object>
		<name>mtgcard</name>
		<pose>Unspecified</pose>
		<truncated>0</truncated>
		<difficult>0</difficult>
		<bndbox>
			<xmin>34</xmin>
			<ymin>41</ymin>
			<xmax>329</xmax>
			<ymax>456</ymax>
		</bndbox>
	</object>
	<object>
		<name>mtgcard</name>
		<pose>Unspecified</pose>
		<truncated>0</truncated>
		<difficult>0</difficult>
		<bndbox>
			<xmin>35</xmin>
			<ymin>459</ymin>
			<xmax>333</xmax>
			<ymax>881</ymax>
		</bndbox>
	</object>
	<object>
		<name>mtgcard</name>
		<pose>Unspecified</pose>
		<truncated>0</truncated>
		<difficult>0</difficult>
		<bndbox>
			<xmin>350</xmin>
			<ymin>43</ymin>
			<xmax>636</xmax>
			<ymax>460</ymax>
		</bndbox>
	</object>
	<object>
		<name>mtgcard</name>
		<pose>Unspecified</pose>
		<truncated>0</truncated>
		<difficult>0</difficult>
		<bndbox>
			<xmin>351</xmin>
			<ymin>468</ymin>
			<xmax>644</xmax>
			<ymax>883</ymax>
		</bndbox>
	</object>
	<object>
		<name>mtgcard</name>
		<pose>Unspecified</pose>
		<truncated>0</truncated>
		<difficult>0</difficult>
		<bndbox>
			<xmin>657</xmin>
			<ymin>58</ymin>
			<xmax>943</xmax>
			<ymax>469</ymax>
		</bndbox>
	</object>
	<object>
		<name>mtgcard</name>
		<pose>Unspecified</pose>
		<truncated>0</truncated>
		<difficult>0</difficult>
		<bndbox>
			<xmin>659</xmin>
			<ymin>472</ymin>
			<xmax>955</xmax>
			<ymax>892</ymax>
		</bndbox>
	</object>
	<object>
		<name>mtgcard</name>
		<pose>Unspecified</pose>
		<truncated>0</truncated>
		<difficult>0</difficult>
		<bndbox>
			<xmin>966</xmin>
			<ymin>66</ymin>
			<xmax>1246</xmax>
			<ymax>473</ymax>
		</bndbox>
	</object>
	<object>
		<name>mtgcard</name>
		<pose>Unspecified</pose>
		<truncated>0</truncated>
		<difficult>0</difficult>
		<bndbox>
			<xmin>966</xmin>
			<ymin>476</ymin>
			<xmax>1261</xmax>
			<ymax>888</ymax>
		</bndbox>
	</object>
	<object>
		<name>mtgcard</name>
		<pose>Unspecified</pose>
		<truncated>0</truncated>
		<difficult>0</difficult>
		<bndbox>
			<xmin>1257</xmin>
			<ymin>71</ymin>
			<xmax>1546</xmax>
			<ymax>482</ymax>
		</bndbox>
	</object>
	<object>
		<name>mtgcard</name>
		<pose>Unspecified</pose>
		<truncated>0</truncated>
		<difficult>0</difficult>
		<bndbox>
			<xmin>1273</xmin>
			<ymin>483</ymin>
			<xmax>1558</xmax>
			<ymax>897</ymax>
		</bndbox>
	</object>
</annotation>
