<annotation>
	<folder>train</folder>
	<filename>mtg-werewolf-deck-76-cards-55-extras_1_67a1f3803b5be50cca8ad232be5bf8a8.jpg</filename>
	<path>D:\MTG card rec files\Python\MTG cards\train\mtg-werewolf-deck-76-cards-55-extras_1_67a1f3803b5be50cca8ad232be5bf8a8.jpg</path>
	<source>
		<database>Unknown</database>
	</source>
	<size>
		<width>400</width>
		<height>182</height>
		<depth>3</depth>
	</size>
	<segmented>0</segmented>
	<object>
		<name>mtgcard</name>
		<pose>Unspecified</pose>
		<truncated>1</truncated>
		<difficult>0</difficult>
		<bndbox>
			<xmin>20</xmin>
			<ymin>1</ymin>
			<xmax>136</xmax>
			<ymax>171</ymax>
		</bndbox>
	</object>
	<object>
		<name>mtgcard</name>
		<pose>Unspecified</pose>
		<truncated>0</truncated>
		<difficult>0</difficult>
		<bndbox>
			<xmin>141</xmin>
			<ymin>6</ymin>
			<xmax>262</xmax>
			<ymax>176</ymax>
		</bndbox>
	</object>
	<object>
		<name>mtgcard</name>
		<pose>Unspecified</pose>
		<truncated>0</truncated>
		<difficult>0</difficult>
		<bndbox>
			<xmin>261</xmin>
			<ymin>8</ymin>
			<xmax>391</xmax>
			<ymax>180</ymax>
		</bndbox>
	</object>
</annotation>
