<annotation>
	<folder>train</folder>
	<filename>WS266698.jpg</filename>
	<path>D:\MTG card rec files\Python\MTG cards\train\WS266698.jpg</path>
	<source>
		<database>Unknown</database>
	</source>
	<size>
		<width>794</width>
		<height>748</height>
		<depth>3</depth>
	</size>
	<segmented>0</segmented>
	<object>
		<name>mtgcard</name>
		<pose>Unspecified</pose>
		<truncated>0</truncated>
		<difficult>0</difficult>
		<bndbox>
			<xmin>6</xmin>
			<ymin>7</ymin>
			<xmax>264</xmax>
			<ymax>371</ymax>
		</bndbox>
	</object>
	<object>
		<name>mtgcard</name>
		<pose>Unspecified</pose>
		<truncated>0</truncated>
		<difficult>0</difficult>
		<bndbox>
			<xmin>266</xmin>
			<ymin>7</ymin>
			<xmax>521</xmax>
			<ymax>371</ymax>
		</bndbox>
	</object>
	<object>
		<name>mtgcard</name>
		<pose>Unspecified</pose>
		<truncated>0</truncated>
		<difficult>0</difficult>
		<bndbox>
			<xmin>527</xmin>
			<ymin>5</ymin>
			<xmax>789</xmax>
			<ymax>371</ymax>
		</bndbox>
	</object>
	<object>
		<name>mtgcard</name>
		<pose>Unspecified</pose>
		<truncated>0</truncated>
		<difficult>0</difficult>
		<bndbox>
			<xmin>6</xmin>
			<ymin>378</ymin>
			<xmax>259</xmax>
			<ymax>743</ymax>
		</bndbox>
	</object>
	<object>
		<name>mtgcard</name>
		<pose>Unspecified</pose>
		<truncated>0</truncated>
		<difficult>0</difficult>
		<bndbox>
			<xmin>267</xmin>
			<ymin>377</ymin>
			<xmax>523</xmax>
			<ymax>744</ymax>
		</bndbox>
	</object>
</annotation>
